User ID,Train Count,Val Count,Test Count,Train ASINs,Val ASINs,Test ASINs
AFJBKPK5W56XWSNPQU2WW66ISWYQ,12,1,1,"B07J3GH1W1, B07LCHCD6Q, B084ZHP45Y, B087Z9X39L, B087ZQK2G8, B0841WQNNZ, B08LYT4Q2X, B08BLX72TP, B08NPBQR9L, B08SQ31H8P, B08N6YHQXT, B08KHRF9NY",B08PLFZB89,B08XJWLLKQ
AF2YKZQRMRGJ655I3MKQUYFGRQGA,16,1,1,"B07VG2W8TT, B086VYKNDF, B086JN17SK, B082VYX7G8, B087Z9X39L, B0BTJ6SYKB, B089RLLT5C, B08DKFV9SR, B0842BXM5M, B083122WRC, B08HZ5Y8RY, B08QFGV5ZQ, B07SLFWZKN, B08PLFZB89, B0895FHBVG, B0998BD871",B085RS26YH,B0994HWXVV
AF3RENOGZJOCO24HPO75EEIF4EHQ,3,1,1,"B07T3Z58HL, B08W8LKLHB, B09BJM95J7",B09KYJJ3D5,B09KX5N1DR
AE3335XF4PMHSXKTW5B7N7EALG3Q,3,1,1,"B086ST4W1C, B08YJV9YL2, B08DXCVRNY",B07NPCT6L5,B07PCGSFGQ
AFZGS7XLGLJFUSUWNX4XA6SGEZQA,7,1,1,"B081632HX6, B084ZHP45Y, B083TLNBJJ, B07KG1TWP5, B08BY91SGT, B08KGVBW41, B07L9H27SH",B08TR1MKHD,B0BTJ6SYKB
AHX2B4DEER2QR3IU3CCNB3CWC6TA,17,1,1,"B081ZN3TD5, B015A5DGG4, B088FBNQXW, B07ZJX5MNJ, B086YBQ8M7, B08BYK8SKR, B088TGQFNM, B086VYKNDF, B08BS3WDPJ, B086MN4SRX, B086XH7BWW, B08DHZW3LK, B08CVCLVS2, B08C2T24WG, B088TXBCB5, B08F79Z1Q5, B08RY6S25W",B08T7GPT1D,B08VJ7CZW3
AEHGY7TZA4IMOXXBGPTZC7UPM6UQ,5,1,1,"B07TLMZL3T, B08VQY1Z1S, B08XZDXTG2, B08VDCWKHV, B08W8LKLHB",B093H28PD4,B09BKK8G76
AGQVYRFKX6G5VO65RHQ7UZKGSTKQ,6,1,1,"B085ZRVDKP, B089QR2Y5B, B08BFH35VX, B089YGZZYP, B08L6GXY2S, B0876VC4KM",B08CVTNQP1,B09GNXK3N1
AEE4M36AZAKURLEYGV23TM3BE7OQ,7,1,1,"B0BG6WX4DH, B086XH7BWW, B0841WQNNZ, B087ZQG11L, B08Q3F3L7S, B08XJWLLKQ, B096S4RQNH",B09KX5N1DR,B009GPP546
AHBFC446AIQBMLC3U4SV6YJJERPQ,8,1,1,"B08FD2KP9R, B083BGJ4P9, B08BB3P4VQ, B0851T7HDS, B08N9RT9YD, B08CZ5JZMZ, B08PLFZB89, B08SG2MBRY",B08LPGZMQK,B009GPP546
AG3FVTSD7ISLKALIPY24IVJCCDTA,5,1,1,"B07SV4HTMC, B0713VF172, B07PCSRSND, B0855L611L, B089RLLT5C",B08C24Q6LB,B08DXCVRNY
AFZIHXLLRIZYAZDRCGC3Z4DYUMQQ,8,1,1,"B0914JBBTV, B088LWRYJC, B07DKRK8ZW, B088M5P8FN, B08BZ1RHPS, B08BLX72TP, B07PZ8JNWJ, B08TR1MKHD",B085RS26YH,B0998BD871
AFSQYNVKFMP3WWNXTFTNBFNU3EOA,12,1,1,"B087F14JSH, B08BYKQS9S, B085QDWHQJ, B086W18W1W, B08DHZW3LK, B07YNDWRCB, B086N136NH, B07PCGSFGQ, B088TXBCB5, B08N9RT9YD, B08HRNPNR5, B08NJ5BTWG",B09473GGM4,B09HMXY36F
AH23OXTW7BKRZ3YB6JBQGFB3SMIQ,5,1,1,"B086VK22QT, B08L3J4FB9, B08B3TCMSQ, B0876VC4KM, B088LPYXNQ",B085TFXLH1,B08S2LYN64
AFUWF5DARSSBPDLHSY67Q3LCI54Q,13,1,1,"B088X2WPTX, B0BC273JJR, B08C24Q6LB, B083122WRC, B0888CX245, B08N6CLJ6P, B08JZD8HN4, B08NTD1NM1, B08GKVYS1Y, B08SQ31H8P, B08PTZL95G, B08F79Z1Q5, B08R3F946X",B093H28PD4,B09571TNVG
AG644AQBRT56BVFDCJMISCNTSRMA,3,1,1,"B07TLMZL3T, B081M5R5L5, B0713VF172",B089CSR3KF,B07SY7WPS4
AHO7CJSLW22GMWPFB35V3L4OFUYQ,6,1,1,"B0837K9W6P, B08D6PPL42, B088NVJSJT, B086VK22QT, B08C72C56Z, B0876VC4KM",B07FP2C8N8,B08HZ5Y8RY
AGK5FHPJXPI75CVFCUKFFKLIF3VQ,7,1,1,"B088M5P8FN, B07THLR7RR, B08BS3WDPJ, B00O2FGBJS, B08GJJ5RV9, B08C2T24WG, B085SY4WC3",B08PTZL95G,B08QHP717Z
AFGGRGHGHSFKMZASFBYFRHBBEOPA,11,1,1,"B0859CYSTM, B0BTJ6SYKB, B088M5P8FN, B088NVJSJT, B085MCMZLX, B00O2FGBJS, B08CL46XNM, B08CVCLVS2, B086VRRD99, B0863FZFPV, B08NJ5BTWG",B07SLFWZKN,B09C5NQSC5
AG2V56KGC2Y3VNKPON3W56ZGFOFA,4,1,1,"B088TGQFNM, B08HCMNLKD, B08BLX72TP, B08KJF6Y6C",B08BKWLHYP,B09571TNVG
AEKNMPUXBMNMHDYWMLKOUTEY3LYA,3,1,1,"B08H4SYXR4, B08GYJY8F2, B07NPCT6L5",B08LPGZMQK,B08BS3WDPJ
AEIGRLFPH5Z3EQ73Z23CJ3WX6R6A,5,1,1,"B07ZQRX7FX, B07M9D3WYW, B087J3H22J, B08GS1G9BH, B07HVRP37G",B08N6YHQXT,B096YHL82K
AEPEDW5FBBJ2XYR2BIJAKUPHCMHA,5,1,1,"B07TLMZL3T, B086VYKNDF, B0842BXM5M, B09L33VJCL, B085TFXLH1",B08HGZXLP6,B08VDCWKHV
AEKV4Q3JUQTQA2UR7PH7QLUHUTTQ,4,1,1,"B08575Y9V3, B0BTJ6SYKB, B089R7S73D, B08HXQ3T9K",B08HDG9F44,B09BKK8G76
AFB3QHU3MOWSWQ7ISC5I7JISKQVQ,6,1,1,"B087F14JSH, B08BYKQS9S, B08GJJ5RV9, B087PJ121M, B08HGZXLP6, B07L9H27SH",B09GNXK3N1,B08YNR839W
AGYVC7KVHP2AWM7BDCEYNHFA6F3Q,28,1,1,"B0BG6WX4DH, B07PHWX88W, B0859CYSTM, B085NYYLQ8, B07DFNPVSF, B08BZ1RHPS, B08CL46XNM, B08DXLRTSB, B08GJJ5RV9, B08H4SYXR4, B08YJV9YL2, B081MQD52C, B07NPCT6L5, B07MZT83KK, B08L3J4FB9, B08KWN77LW, B08P7PSMRR, B07YS9W97B, B083B67373, B08SQZ1B3W, B01MSF13T1, B08NJ5BTWG, B07RBSLNFR, B01M24DUXH, B01MA3LXIL, B096S4RQNH, B083PXJBVY, B09FNTZFZZ",B09G3KBK7Y,B09KX5N1DR
AE3LUVAAITFJIUTWBMRPHDQOCOFQ,6,1,1,"B085RQKWNF, B08FBHNBP1, B08C72C56Z, B08BB3P4VQ, B08C37KWRR, B08HCMNLKD",B0994HWXVV,B09SH1FD9S
AHWCZ47A7FIYEJ7KEJG3BO3F5YXQ,3,1,1,"B07J1LYVHC, B07VGBBNTH, B0837K9W6P",B082MDFNZM,B07JGD2T2J
AG7WXYJR3N3IOL7NX6QUZJUPBVDA,4,1,1,"B086SSHLWT, B088FBNQXW, B08DK5D9J5, B08JCX3DL7",B09FNTZFZZ,B0B4MR9BXN
AE5GH4VM5Q5HNUL4EOAYRLNB7RVA,5,1,1,"B086W18W1W, B093H28PD4, B09BJM95J7, B09571TNVG, B09LWV3HH2",B09NFQ69KT,B0BVQQ58G8
AE5IMGWRBJA7JQFBQTBK25HDYGVA,12,1,1,"B00O2FGBJS, B085J354CL, B085J24382, B07M9D3WYW, B08KWN77LW, B08PVH18Z6, B08L4HTQ3R, B083B67373, B09GNXK3N1, B08NJ5BTWG, B08BKWLHYP, B08W4WQMNM",B083PXJBVY,B09KYJJ3D5
AF4XCHGF2AJ4S2MV22Y7KOUJFZPQ,7,1,1,"B08BRS98SF, B07P4LLZS6, B07DFNPVSF, B08BS3WDPJ, B08KGVBW41, B07D5FBFQ4, B08C37KWRR",B08DK74M1P,B08GYJY8F2
AERJSFYTGI6ACY5VSOYQ5RAN6QFQ,5,1,1,"B087G54FLM, B087GB8ZRF, B085RQKWNF, B087FTZSZH, B08DHZW3LK",B08B3SJNL5,B07ZJX5MNJ
AF2AJZ2KIDH4QJSOXBKCFGAZITGA,3,1,1,"B09L33VJCL, B089CSR3KF, B089ZQ8Y95",B08HGZXLP6,B0B8SFDJN9
AESWZGOSDDULZ2TWG6GLDEU2X5JA,4,1,1,"B07MMW5654, B07M9D3WYW, B07MN1KJ15, B08BFH35VX",B0845LNDJK,B08CC6YRLJ
AFPQJSBCMEKL3PT54KPROBQ2TAXA,7,1,1,"B087Z9X39L, B08BRS98SF, B085QDWHQJ, B089ZQ8Y95, B08C72C56Z, B08B3TCMSQ, B085TFXLH1",B08J7R5HHX,B08DHZW3LK
AFKZESU3PTCQ2UVDBDSFVFTXBFNQ_1,12,1,1,"B07TLMZL3T, B07J1LYVHC, B07PHWX88W, B07Z3NRMBS, B07X8W7GJZ, B0837K9W6P, B07Z4CVTRP, B07RM722DH, B087D7MVHB, B07YG4PRTN, B089YGZZYP, B08P4YQ3K5",B08XJWLLKQ,B0BTJ6SYKB
AEXPTZ272HHG2KO2JAGU5IL45HIQ,3,1,1,"B08575Y9V3, B07P4LLZS6, B08L3J4FB9",B08GYJY8F2,B08KWN77LW
AFY3DF5ZXFAWH5ADLZPJYCW2IM2Q,3,1,1,"B087D7MVHB, B087GD4BJ1, B07DFNPVSF",B08BS3WDPJ,B08T7GPT1D
AEH7RAIDBU7QALXTMWAA73PTL4JA,20,1,1,"B085NYYLQ8, B083BGJ4P9, B08DXZ5VXB, B0851QJPZY, B08YJV9YL2, B08DK74M1P, B081MQD52C, B0B2L218H2, B083B67373, B08N9RT9YD, B08KWN77LW, B0895XPZNT, B08NJ5BTWG, B08S1LWF9V, B08SG2MBRY, B08RRSPNWV, B0949MJRHK, B08RYN11N9, B0919R1CYT, B08P2DZB4X",B0912BNP4J,B09G3KBK7Y
AGTW6ZGPUAORQ7X6CNBP6PJW7OTA,9,1,1,"B07LCHCD6Q, B07VGBBNTH, B0844X21MJ, B07ND4HPHT, B07ZQRX7FX, B07MMW5654, B08693T3XR, B07ZS3DKL5, B086ST4W1C",B08BFH35VX,B0851QJPZY
AFDNVPMB44ZS5O2CSJTL47BI2QTQ,3,1,1,"B088X2WPTX, B07YL4485K, B07D5FBFQ4",B08PTZL95G,B08RY6S25W
AFJOKSJE3KPYSUXT6TCKRRD4RO2Q,4,1,1,"B08YJV9YL2, B08GJJ5RV9, B08GS1G9BH, B08P7PSMRR",B08KJF6Y6C,B08N6YHQXT
AHVS5I6ROMNPROYEMWTCCLR6WP6A,4,1,1,"B088PYN4VM, B081MQD52C, B07YNDWRCB, B08SQZ1B3W",B08MC3ZLV4,B09JLSCTR3
AHV6QCNBJNSGLATP56JAWJ3C4G2A,11,1,1,"B07NPWK167, B07SW7D6ZR, B07WNBZQGT, B082NKQ4ZT, B083TLNBJJ, B087D7MVHB, B088FBNQXW, B085NYYLQ8, B08BZ1RHPS, B0B2L218H2, B08HXQ3T9K",B08KWN77LW,B0BTJ6SYKB
AF3SRSVEGKHPRSWJ5G4GDUILTOYA,3,1,1,"B088X2WPTX, B0841WQNNZ, B08B3SJNL5",B08Q3F3L7S,B09C5NQSC5
AEMRAZPNN2NBBUDV4YGGYMGPFC6A,5,1,1,"B07SV4HTMC, B07XVNJFNF, B07Z4CVTRP, B07SW7D6ZR, B0BTJ6SYKB",B084ZHP45Y,B0844X21MJ
AE3KLVXGZPANXE5XLXYKHTVAZ3FQ,5,1,1,"B01N7A5AGF, B08QHP717Z, B08SQ31H8P, B0895XPZNT, B0863FZFPV",B086VRRD99,B0919R1CYT
AHPG65LKS3QKRWDUWAKZNLEK5RZQ_1,21,1,1,"B08DNCR582, B087J3H22J, B08DK5D9J5, B08GMC48QF, B089D16BWJ, B08PVH18Z6, B08QVJ4NVD, B08NTD1NM1, B07YV9J2YZ, B07T4LKC4D, B07PBWVV5K, B0895XPZNT, B086N2SY91, B086Q2J3F2, B08MT8L5ZL, B0977LVHF8, B0994HWXVV, B08K2V6WGH, B095C1WF44, B08HDG9F44, B084WP4XS8",B09C5NQSC5,B08N5NDVGH
AHBWH2LBU3NFLD46GKJKIBAHKXEQ,14,1,1,"B088TGQFNM, B08BLKFGND, B08C72C56Z, B08DK74M1P, B07PZ8JNWJ, B07SY7WPS4, B08GS1G9BH, B089D16BWJ, B08JZD8HN4, B08KT7FCYY, B08PVH18Z6, B07T4LKC4D, B083B67373, B08CZ5JZMZ",B08NC4378M,B08XZDXTG2
AEVFWS7JFEKHYDZKH4SI5YDSNGJQ,3,1,1,"B07VGBBNTH, B08BRS98SF, B07D5FBFQ4",B09671G4KH,B09KYJJ3D5
AHDVSLWHSORYGG3S5QZMVDFNOXUQ,9,1,1,"B088NVJSJT, B08BFH35VX, B00O2FGBJS, B07FP2C8N8, B08BYK8SKR, B08BZ1RHPS, B07Z548TKH, B085QDWHQJ, B08DNCR582",B08NPBQR9L,B08K8P7LN6
AGAVFN7CIWVLIDLJSMFNLJWNEDUQ,4,1,1,"B07HR754WV, B07PCSRSND, B08879N2W3, B0885W8GCL",B088NVJSJT,B085RQKWNF
AF4P6A3SEKS2HCISWAKFZVIFM7NQ,7,1,1,"B086W18W1W, B0888CX245, B088LPYXNQ, B08DRBZNZJ, B08L6GXY2S, B07PZ8JNWJ, B08LPGZMQK",B09473GGM4,B09G3KBK7Y
AHMZDG7TLXFO6H5RPWEX6PX6EN5A,3,1,1,"B08BFH35VX, B08BZ1RHPS, B085ZRVDKP",B07THLR7RR,B07DFNPVSF
AHG5KKQMMZJA46LDH73IZ4QUHYXA,5,1,1,"B08BZ1RHPS, B085J354CL, B089YGZZYP, B088TXBCB5, B08N9RT9YD",B08BKWLHYP,B0932Z1NM1
AFZSVK7P23M2B7GYUYU7TQIHCGFA_1,3,1,1,"B089RLLT5C, B08MPK4JRB, B08KT7FCYY",B08MRRNL18,B08RY6S25W
AFNACT4MLU243POBVE666TFVUPGQ,4,1,1,"B086ST4W1C, B07VDCD17L, B08KJF6Y6C, B09671G4KH",B0941YDPSW,B0B4MR9BXN
AFXF3EGQTQDXMRLDWFU7UBFQZB7Q,23,1,1,"B07KXM94BT, B07LCHCD6Q, B0837K9W6P, B081ZN3TD5, B07VGBBNTH, B08C72C56Z, B086XH7BWW, B08G83G24X, B08HMLXW65, B08KT7FCYY, B08P7PSMRR, B08HGZXLP6, B08N9RT9YD, B08JTNQFZY, B08QHP717Z, B09GNXK3N1, B08YNR839W, B08LPGZMQK, B09473GGM4, B0919R1CYT, B08T7GPT1D, B095CG2ZV1, B092M5K59T",B08N5NDVGH,B08HVRP54L
AHYOSWORVZFXM5QMRIAW3JTTFFIQ,10,1,1,"B08BY91SGT, B08G149DSD, B08MPK4JRB, B08L6GXY2S, B08HZ5Y8RY, B08F4ZDVZQ, B08XJWLLKQ, B089NJG212, B08SBV6Z57, B083PXJBVY",B09NFQ69KT,B0BVQQ58G8
AHSV4TYSAX52BIHH7PLZRD44KZHA,11,1,1,"B08GJJ5RV9, B085SY4WC3, B085TFXLH1, B08CVCLVS2, B08HZ5Y8RY, B08G4Y4SFV, B08P15TB2V, B08GKVYS1Y, B08NC4378M, B0895FHBVG, B08S3B8Y5G",B08W8LKLHB,B09BKK8G76
AECIT3NMW6RKABFS6YOCYX4YUYOQ,3,1,1,"B085SY4WC3, B08CVCLVS2, B08LYT4Q2X",B08N6YHQXT,B08S3B8Y5G
AH5ONINJRNZ674DXUMV4RMYIFYVQ,5,1,1,"B07SV4HTMC, B087D7MVHB, B0859CYSTM, B086MN4SRX, B07HVRP37G",B08TR1MKHD,B092M5K59T
AE3PLZHW6NXWBMZ76TDVFQG2MJFA,13,1,1,"B07Z4CVTRP, B08BB3P4VQ, B08DXZ5VXB, B086N136NH, B07YNDWRCB, B08KWN77LW, B08SQZ1B3W, B01MSF13T1, B08S1LWF9V, B08RRSPNWV, B01M24DUXH, B08QVJ4NVD, B08P2DZB4X",B0BVQQ58G8,B0B4MR9BXN
AG4D44BNNLUEZNG7COK2CNRYUHYQ,22,1,1,"B081632HX6, B07Z4CVTRP, B082DXHTX8, B082MDFNZM, B07RM722DH, B07VQR3W3Z, B083J1Y349, B0855L611L, B087D7MVHB, B0885W8GCL, B086JN17SK, B0851C4YPC, B082VYX7G8, B087ZQK2G8, B08FBHNBP1, B08MPK4JRB, B08NPBQR9L, B08KY7VYDS, B08P15TB2V, B08QKXY1KN, B0949MJRHK, B08W8LKLHB",B092M5K59T,B09TTC9Q9W
AE5ESL52LWWBJTSFOAXSFZA3XCGQ,24,1,1,"B08BZ1RHPS, B07D5FBFQ4, B0851QJPZY, B08G5YVHQP, B08KGVBW41, B0851T7HDS, B07NPCT6L5, B08LYT4Q2X, B08KJF6Y6C, B07PZ8JNWJ, B085TFXLH1, B08L3J4FB9, B086TS3BKQ, B07T4LKC4D, B07W1WJZFG, B08SQZ1B3W, B08VKQY815, B08WF29DM9, B08S1LWF9V, B08NJ5BTWG, B08VQY1Z1S, B08QVJ4NVD, B08XQYZWCS, B08SG2MBRY",B08RRSPNWV,B08SBV6Z57
AFDYIK3FNPY2JFBQYUWC6GSBMIRQ_2,6,1,1,"B07HVRP37G, B08LG68MGH, B086Q2J3F2, B08S2LYN64, B01N7A5AGF, B07L9H27SH",B0863FZFPV,B085RS26YH
AEPY4UJP6QEKT5DBCY2QYMAFMMAQ,3,1,1,"B087F14JSH, B085QDWHQJ, B08JPKXJMV",B08KJF6Y6C,B08W8LKLHB
AGWF6BTLJVQQ2N2R5PKNJOLY65GQ,13,1,1,"B088TYPM71, B088ZVSLYP, B088LWRYJC, B088PYN4VM, B08DXLRTSB, B08DXZ5VXB, B08DXCVRNY, B08F4ZDVZQ, B0B2L218H2, B01M24DUXH, B08QKXY1KN, B08RYN11N9, B08TB3DZ1D",B005AL5H9S,B09SH1FD9S
AEQ7D7IDDUFNPOL4VDSXWZPIWKUQ,4,1,1,"B08BZ1RHPS, B08YJV9YL2, B081MQD52C, B086N136NH",B08J7R5HHX,B08HMLXW65
AEJU3Z6HDAERETMYI2CXBQVPPDFA,14,1,1,"B08CL46XNM, B08J7R5HHX, B087PJ121M, B08DKFV9SR, B08QFGV5ZQ, B08HQSK576, B08KWN77LW, B086Q2J3F2, B08LG68MGH, B08RQZ3F3L, B08S2LYN64, B07FPS2VFK, B08PLFZB89, B085RS26YH",B0998BD871,B09KX5N1DR
AGJMUGA3ZLDJXI7HMYAZXXISE3UQ,3,1,1,"B08DKFV9SR, B08HZ5Y8RY, B08QFGV5ZQ",B08P15TB2V,B088TXBCB5
AGGAEZZTJZWEGLEMKXW5NTNXH7VQ,4,1,1,"B089KBMST6, B07YL4485K, B081D2R47W, B08D6PPL42",B08GC5GSNG,B08G149DSD
AF4T3AQXLGSWBXPJV3RI2DBPEYUA,11,1,1,"B07D5FBFQ4, B08BB3P4VQ, B08DXZ5VXB, B0876VC4KM, B0841WQNNZ, B089NJG212, B08HGZXLP6, B07YV9J2YZ, B08L4HTQ3R, B07SLFWZKN, B08VQY1Z1S",B08XQYZWCS,B08XZDXTG2
AHUIIYUMY5OXQWRECL5JEK4AITBA,5,1,1,"B0885W8GCL, B07ZJX5MNJ, B088FBNQXW, B089RLLT5C, B08B3SJNL5",B08BYK8SKR,B087PJ121M
AFESFBY7EYJMQNKR572SZFAAET5Q,7,1,1,"B085NYYLQ8, B07ZQRX7FX, B07THLR7RR, B08H4SYXR4, B08GYJY8F2, B08YNR839W, B08P2DZB4X",B08TB3DZ1D,B09SH1FD9S
AESI2BA4YODTHOSRFLJCSTAM6XDQ,12,1,1,"B07ZQRX7FX, B07YL4485K, B087J3H22J, B08BF4BKKM, B08BS3WDPJ, B087F14JSH, B07M9D3WYW, B08C24Q6LB, B08GC5GSNG, B08DRBZNZJ, B08DK74M1P, B08CVTNQP1",B089NJG212,B096YHL82K
AHTLWVDXSMG5YMVMEIWWOU6XBZMA,5,1,1,"B076DBLG1K, B07VG2W8TT, B082DXHTX8, B086VYKNDF, B08C72C56Z",B08XZDXTG2,B09G22586Y
AELHYMCYVS6T35HA3UH5UGFWTK6Q,3,1,1,"B08C2T24WG, B08VJ7CZW3, B09C5NQSC5",B09JLSCTR3,B09G3KBK7Y
AFO6QRJE7PPMBY2P66V2FPKJUIEA,4,1,1,"B07HR754WV, B087GD4BJ1, B0851T7HDS, B08KJF6Y6C",B087PJ121M,B0912BNP4J
AE23ZBUF2YVBQPH2NN6F5XSA3QYQ,8,1,1,"B089R7S73D, B081D2R47W, B087ZQK2G8, B08BF4BKKM, B0841WQNNZ, B08G5YVHQP, B08NTD1NM1, B08CVTNQP1",B08S3B8Y5G,B0998BD871
AGZUJTI7A3JFKB4FP5JOH6NVAJIQ_1,26,1,1,"B08BZ1RHPS, B087PJ121M, B08HCMNLKD, B08MPK4JRB, B08CVCLVS2, B08JZD8HN4, B0895XPZNT, B08SJKR877, B08PTZL95G, B08P4YQ3K5, B07L9H27SH, B07SLFWZKN, B08QHP717Z, B08CZ5JZMZ, B08W4WQMNM, B0863FZFPV, B07FPS2VFK, B0949MJRHK, B086N2SY91, B08VJ7CZW3, B091GG4N2X, B085RS26YH, B0932Z1NM1, B08WCQWP3T, B083PXJBVY, B0912BNP4J",B09G22586Y,B09TTC9Q9W
AEV4UO43YIZXLNB4E64KWRJ3ACXQ,12,1,1,"B015A5DGG4, B08C24Q6LB, B086SSHLWT, B08B3SJNL5, B089QR2Y5B, B088ZVSLYP, B08BS3WDPJ, B086GST51S, B08HQSK576, B0895XPZNT, B07YV9J2YZ, B08XJWLLKQ",B08W4WQMNM,B0919R1CYT
AHMG3ALUBE3FEBHODTBHP5J24YDA,3,1,1,"B07J3GH1W1, B083TLNBJJ, B07W397QG4",B07ZJX5MNJ,B09G22586Y
AGFAOH3NMW2D7YV3QVZSTXMTSKIQ,12,1,1,"B08DK5D9J5, B08MPK4JRB, B08DK74M1P, B08KJF6Y6C, B0841WQNNZ, B087PJ121M, B08F4ZDVZQ, B08BLX72TP, B08JCX3DL7, B08S3B8Y5G, B07W1WJZFG, B0998BD871",B09GVHT2D3,B0B8SFDJN9
AFQQQ5LGNSQUEBGDCYBAZZE5T3DA,8,1,1,"B07NPWK167, B07J1LYVHC, B07RM722DH, B07ZS3DKL5, B07P4LLZS6, B08575Y9V3, B07DFNPVSF, B08C71WBLC",B08H4SYXR4,B08PVH18Z6
AFNCHMAKUAJOGVCKOA4XGLINHPDQ,13,1,1,"B08B3SJNL5, B08C24Q6LB, B088TGQFNM, B08693T3XR, B0888CX245, B0876VC4KM, B08DK74M1P, B0841WQNNZ, B08DHZW3LK, B085QDWHQJ, B08MRRNL18, B08NC4378M, B084WP4XS8",B08LPGZMQK,B08RYN11N9
AE53TOMIUB7ENP3RD44KDAARU6AQ,3,1,1,"B07MN1KJ15, B07MMW5654, B088GWCVVJ",B07P4LLZS6,B0B8SFDJN9
AFSHXT5PTGDSFW2725SDXIE6ZVEA,4,1,1,"B0BG6WX4DH, B0B2L218H2, B08Q3F3L7S, B08TR1MKHD",B09G3KBK7Y,B08HVRP54L
AGQXRXHIEUGJU6KNUPNWMXYBRREA,7,1,1,"B07J3GH1W1, B07HN1L8NQ, B088X2WPTX, B089CSF11Y, B086MN4SRX, B089ZQ8Y95, B00O2FGBJS",B0845LNDJK,B07DFNPVSF
AG73BVBKUOH22USSFJA5ZWL7AKXA,61,1,1,"B07R3BMYBG, B076DBLG1K, B081M5R5L5, B07J1LYVHC, B07PHWX88W, B07NPWK167, B081632HX6, B082VKPJV5, B081ZN3TD5, B07VGBBNTH, B07SV4HTMC, B07PCSRSND, B07RM722DH, B015A5DGG4, B0914JBBTV, B07W397QG4, B0855L611L, B07ZS3DKL5, B07MN1KJ15, B082VYX7G8, B085ZRVDKP, B07DFNPVSF, B086W18W1W, B088GWCVVJ, B08C37KWRR, B088TGQFNM, B08DXZ5VXB, B08G5YVHQP, B08KGVBW41, B08DHZW3LK, B081MQD52C, B08C71WBLC, B07NPCT6L5, B08L6GXY2S, B089NJG212, B08HRNPNR5, B08HZ5Y8RY, B07PBWVV5K, B08KWN77LW, B07W1WJZFG, B088TXBCB5, B08P7PSMRR, B08N6CLJ6P, B01N7A5AGF, B08RQZ3F3L, B08LG68MGH, B08NTD1NM1, B08SQZ1B3W, B08GKVYS1Y, B08SJKR877, B08VKQY815, B08S1LWF9V, B08WF29DM9, B07RBSLNFR, B08VQY1Z1S, B084WP4XS8, B08BKWLHYP, B08SG2MBRY, B08P2DZB4X, B0949MJRHK, B08MC3ZLV4",B08SBV6Z57,B083PXJBVY
AEV7Q27IHW3CU2NGA5NMHVHTLIAQ,3,1,1,"B07KXM94BT, B07J3GH1W1, B07MMW5654",B08C71WBLC,B08WCQWP3T
AEFU6XKGH6J4ZIYTVVBGEDUCTZHQ,3,1,1,"B08C24Q6LB, B08BY9P4HR, B086GST51S",B089KBMST6,B09BKK8G76
AFSKPY37N3C43SOI5IEXEK5JSIYA,5,1,1,"B07J3GH1W1, B07W397QG4, B07KG1TWP5, B08JTNQFZY, B07SLFWZKN",B07RBSLNFR,B08P2DZB4X
AHALZ7AKVAVL7QEVBCI55JVLGXOQ,5,1,1,"B07PHWX88W, B07VQR3W3Z, B0914JBBTV, B07RM722DH, B0813ZQG3T",B08HXQ3T9K,B088PYN4VM
AGCGQWDEGSGIIT7AZZ7RGY5ZU74Q,17,1,1,"B085NYYLQ8, B085ZRVDKP, B08BB3P4VQ, B08KGVBW41, B08LYT4Q2X, B08HGZXLP6, B08J7R5HHX, B08P15TB2V, B09GNXK3N1, B08HRNPNR5, B08KY7VYDS, B08GMC48QF, B01M24DUXH, B08XJWLLKQ, B08R3F946X, B08T7GPT1D, B08N6CLJ6P",B092M5K59T,B09473GGM4
AHY37H4JF643FXWO3USRK3VSFFQA,3,1,1,"B087GB8ZRF, B086GST51S, B088LPYXNQ",B07SY7WPS4,B08GC5GSNG
AH36N5HJJQCBDAURJUTFAIB4GRFA,3,1,1,"B0914JBBTV, B07ZQRX7FX, B07ZS3DKL5",B07MN1KJ15,B08N9RT9YD
AGLW4RPFGBKWE3FBZBEP2JWUIOCA,4,1,1,"B088LWRYJC, B0BC273JJR, B085RQKWNF, B087G54FLM",B086GST51S,B08B3SJNL5
AG7JCEMC64AM7JPATDVGP6YZOTXA,11,1,1,"B07HN1L8NQ, B0885W8GCL, B0855L611L, B07DKRK8ZW, B07YG4PRTN, B081D2R47W, B08BY9P4HR, B089CSF11Y, B08B5FJMHM, B07D5FBFQ4, B08CC6YRLJ",B07W1WJZFG,B08MRRNL18
AHTOPAM4UMS6AZRFWMBBXWNYYEVQ,4,1,1,"B08F7877DC, B0841WQNNZ, B08SG2MBRY, B08LPGZMQK",B095C1WF44,B09GVHT2D3
AGLGCQJ6R7DK2HOZRYGHMQ7D6BTA,3,1,1,"B0BG6WX4DH, B07R3BMYBG, B087F14JSH",B086Q2J3F2,B09SH1FD9S
AEOTWG667CGEIHYH33COIX53Y25Q,5,1,1,"B082NKQ4ZT, B088LWRYJC, B086VK22QT, B08BXVJMRY, B083122WRC",B00O2FGBJS,B095C1WF44
AHT7TDFPRBZE3GH7RFKCPSCEAR5Q,3,1,1,"B08BY91SGT, B088LWRYJC, B08P15TB2V",B083122WRC,B08PLFZB89
AH3POWPCN3JIW3IUL6H24L536NQQ,7,1,1,"B089QR2Y5B, B08FD2KP9R, B08FBHNBP1, B0888CX245, B085QDWHQJ, B088PYN4VM, B08DRBZNZJ",B08DHZW3LK,B08G83G24X
AH4TB6XJJKH3WLSX2D56JYJ4Z4ZA,8,1,1,"B08B3TCMSQ, B088LPYXNQ, B08L6GXY2S, B08C2T24WG, B08LZ6W8RF, B08G4Y4SFV, B08MPK4JRB, B08CVTNQP1",B08K8P7LN6,B08GKVYS1Y
AFPPNF3RSFMMNC5UAM6V4B475MBQ,16,1,1,"B0BC273JJR, B08BFH35VX, B085RQKWNF, B08BY9P4HR, B08B3SJNL5, B08BYK8SKR, B08BZ1RHPS, B08G5YVHQP, B08GYJY8F2, B088TXBCB5, B08CVTNQP1, B08HGZXLP6, B08NTD1NM1, B07SLFWZKN, B08VDCWKHV, B08W8LKLHB",B09473GGM4,B0912BNP4J
AFKZESU3PTCQ2UVDBDSFVFTXBFNQ_2,7,1,1,"B07TLMZL3T, B07J1LYVHC, B07PHWX88W, B07Z3NRMBS, B07X8W7GJZ, B0837K9W6P, B07Z4CVTRP",B07RM722DH,B087D7MVHB
AFR2XB7TRMQJCRB6INYP2W73EH5A,3,1,1,"B088TYPM71, B088TXBCB5, B088LPYXNQ",B07D5FBFQ4,B08L3W279N
AEODUUL6REW3PW2ZGFREKGWBYUZA,16,1,1,"B0837K9W6P, B07SW7D6ZR, B082VKPJV5, B07X8W7GJZ, B082VYX7G8, B088NVJSJT, B0BC273JJR, B08BRS98SF, B085QDWHQJ, B086W18W1W, B08BXVJMRY, B088LPYXNQ, B08DRBZNZJ, B08B3TCMSQ, B08C72C56Z, B088TXBCB5",B08K8P7LN6,B08HCMNLKD
AENALXICBEUWDJG6U2GYCGEVM3OQ,4,1,1,"B086VK22QT, B088X2WPTX, B085RQKWNF, B089KBMST6",B0941YDPSW,B08VJ7CZW3
AE3UKETTR77J4LM2ZE4AEUC4L6KA,3,1,1,"B08R3F946X, B093H28PD4, B09C5NQSC5",B09BJM95J7,B005AL5H9S
AETWQ4GYGV4QRMTMWGBIDVASBKHA,4,1,1,"B0B2L218H2, B08C72C56Z, B08LZ6W8RF, B08L3J4FB9",B08L4HTQ3R,B08S1LWF9V
AEHWKRPNWNMOAJSMO2F6O7RFRTNA,24,1,1,"B08BY9P4HR, B088ZVSLYP, B07FP2C8N8, B086YBQ8M7, B08FD2KP9R, B08693T3XR, B08BXVJMRY, B08G83G24X, B08G149DSD, B08MPK4JRB, B08GMC48QF, B083B67373, B0B8SFDJN9, B07L9H27SH, B08KHRF9NY, B08TR1MKHD, B07FPS2VFK, B08LPJT4MT, B08PLFZB89, B08XQYZWCS, B01MA3LXIL, B08MC3ZLV4, B08HDG9F44, B09473GGM4",B095CG2ZV1,B09TTC9Q9W
AEPKAGO2WGVI55RQAVNBXKGJ2BOQ,3,1,1,"B07TLMZL3T, B08B5FJMHM, B08CL46XNM",B08BLX72TP,B0B8SFDJN9
AGRKJRPX6I5DQPODOC4YJ7CT4XWA,3,1,1,"B08P4YQ3K5, B08QKXY1KN, B08K2WH8LK",B09FNTZFZZ,B099959RFF
AGD25H7BIT2JUXSIOPYCYB23J3ZQ,5,1,1,"B076DBLG1K, B01EK2F1PC, B07DKRK8ZW, B089RLLT5C, B08C24Q6LB",B08DXLRTSB,B08G5YVHQP
AGNP7WAB6CTY72PMMJZTE2DABPPA,8,1,1,"B07YG4PRTN, B087ZQK2G8, B08YJV9YL2, B08KGVBW41, B08HXQ3T9K, B08G4Y4SFV, B08GS1G9BH, B08P4YQ3K5",B08S3B8Y5G,B08NC4378M
AF7XNTURXVPO55T5EP4B4DVPQPPQ,7,1,1,"B0914JBBTV, B086SSHLWT, B08BFH35VX, B07THLR7RR, B07MZT83KK, B08HMLXW65, B08TR1MKHD",B076DBLG1K,B086TS3BKQ
AHH7DYW535JNEGASCET44RLTKG7A,5,1,1,"B083J1Y349, B07JGD2T2J, B089RLLT5C, B088NVJSJT, B08C37KWRR",B089ZQ8Y95,B07SLFWZKN
AGXMWJK3YL4SV5FJ27JEJZPZHRBA,14,1,1,"B086VRRD99, B085ZRVDKP, B08BY9P4HR, B0876VC4KM, B08HRHCZV2, B09GNXK3N1, B08Q3F3L7S, B08QHP717Z, B08YNR839W, B08XZDXTG2, B084WP4XS8, B0941YDPSW, B08RYN11N9, B0919R1CYT",B09LWV3HH2,B09TTC9Q9W
AEFRTLVCVRALKXBED77KHPIXEPWQ,5,1,1,"B07J1LYVHC, B088FBNQXW, B08575Y9V3, B08G5YVHQP, B07VDCD17L",B08KJF6Y6C,B09HMXY36F
AGS4KJHF5LOOWT2A5TJJFMB24VOA,5,1,1,"B00TK0VV68, B07ND4HPHT, B0844X21MJ, B083J1Y349, B07JGD2T2J",B086YBQ8M7,B09FNTZFZZ
AEVFWS7JFEKHYDZKH4SI5YDSNGJQ_1,3,1,1,"B07VGBBNTH, B08BRS98SF, B07D5FBFQ4",B09671G4KH,B09KYJJ3D5
AFFHB6JLPVY4W566NW67GFKDBRNQ,5,1,1,"B081D2R47W, B0888CX245, B086MN4SRX, B08BLKFGND, B08BXVJMRY",B08DHZW3LK,B08GKVYS1Y
AEU64BW76A3GKMZAGLUZZORCMB7A,6,1,1,"B085ZRVDKP, B08DKFV9SR, B08343FS9P, B087PJ121M, B08JZD8HN4, B08N9RT9YD",B08PLFZB89,B0998BD871
AFRUBJ22O26J35OD5MJLBC6RUJKQ,6,1,1,"B086ST4W1C, B0BC273JJR, B087G54FLM, B08BRS98SF, B087GB8ZRF, B085ZRVDKP",B085MCMZLX,B08DKFV9SR
AFLKX7ZNVK2DN6LG3EAP6ZNYUFHA,13,1,1,"B0842BXM5M, B087FTZSZH, B0BC273JJR, B08C24Q6LB, B08MPK4JRB, B08LZ6W8RF, B08G4Y4SFV, B08KT7FCYY, B08HGZXLP6, B08GMC48QF, B08NTD1NM1, B08P15TB2V, B08W4WQMNM",B096S4RQNH,B08BKWLHYP
AFNRGRORFAGSB7WGANETBDDYDEAQ,16,1,1,"B082DXHTX8, B082NKQ4ZT, B07VQR3W3Z, B07JGD2T2J, B0885W8GCL, B01EK2F1PC, B082VYX7G8, B089KBMST6, B087FTZSZH, B07YG4PRTN, B08F7877DC, B08BLKFGND, B08DK5D9J5, B08DRBZNZJ, B0841WQNNZ, B08J7R5HHX",B08F4ZDVZQ,B08G4Y4SFV
AEAXAJACFMXIAAH4WOHRMXPSZWFA,16,1,1,"B083BGJ4P9, B08DK74M1P, B08F4ZDVZQ, B0B2L218H2, B07W1WJZFG, B08VKQY815, B08WF29DM9, B08RRSPNWV, B08VQY1Z1S, B01M24DUXH, B08BKWLHYP, B08P5579KC, B08LPGZMQK, B096S4RQNH, B0977LVHF8, B09LWV3HH2",B005AL5H9S,B09G3KBK7Y
AGFXY5HVXFJFJ2SJDGZL5YLGR6RA,4,1,1,"B07HR754WV, B015A5DGG4, B082MDFNZM, B0855L611L",B088LWRYJC,B09GVHT2D3
AGFBEZSOTMPM4M4CHRW3QPDAHJUQ,5,1,1,"B089KBMST6, B07THLR7RR, B08HRHCZV2, B08H4SYXR4, B087F14JSH",B086VRRD99,B0851C4YPC
AHHWCYE6JF6MMRDKHOGRTNAUOMPA,3,1,1,"B086SSHLWT, B0BC273JJR, B088ZVSLYP",B085J24382,B085J354CL
AETJVSLQFY2F7D5AZ7H4ONORPQEQ_1,3,1,1,"B08BXVJMRY, B0841WQNNZ, B08LG68MGH",B087ZQG11L,B086GST51S
AHCR53CDYDQAS6C5TZXQWB4PWTCQ,3,1,1,"B086M8MZGB, B08N9RT9YD, B08CVTNQP1",B07YV9J2YZ,B08QHP717Z
AEOK4TQIKGO23SJKZ6PW4FETNNDA_1,34,1,1,"B0837K9W6P, B07SW7D6ZR, B07SV4HTMC, B0713VF172, B07XVNJFNF, B0844X21MJ, B07PCSRSND, B082MDFNZM, B083TLNBJJ, B0914JBBTV, B0885W8GCL, B08879N2W3, B086VK22QT, B07MMW5654, B00O2FGBJS, B07YG4PRTN, B08BFH35VX, B088TYPM71, B086W18W1W, B089CSF11Y, B08GC5GSNG, B08L6GXY2S, B085SY4WC3, B085TFXLH1, B07PZ8JNWJ, B08HZ5Y8RY, B08CVCLVS2, B08CC6YRLJ, B08CVTNQP1, B08JZD8HN4, B08KT7FCYY, B08GKVYS1Y, B08NC4378M, B08KHRF9NY",B08BKWLHYP,B08P5579KC
AH5HSMUMRJRDWBPFDQ6G3EAAOSFQ,8,1,1,"B0BG6WX4DH, B07PHWX88W, B07DKRK8ZW, B088X2WPTX, B08C37KWRR, B08DXLRTSB, B07Z548TKH, B08JPKXJMV",B01MA3LXIL,B09NFQ69KT
AHGIDR4IJFS23Q4GTZ33FI5LYDSQ_1,7,1,1,"B08LG68MGH, B08NTD1NM1, B08MT8L5ZL, B08P15TB2V, B08S2LYN64, B08CZ5JZMZ, B099959RFF",B09LWV3HH2,B09G3KBK7Y
AEZP6Z2C5AVQDZAJECQYZWQRNG3Q,56,1,1,"B07NPWK167, B07SW7D6ZR, B07WNBZQGT, B07Z3NRMBS, B07X8W7GJZ, B07VGBBNTH, B0844X21MJ, B082VKPJV5, B07RM722DH, B015A5DGG4, B07J1LYVHC, B07PCSRSND, B083TLNBJJ, B0813ZQG3T, B07VQR3W3Z, B07W397QG4, B0855L611L, B07MN1KJ15, B07ZS3DKL5, B0851C4YPC, B07ZQRX7FX, B00O2FGBJS, B0BTJ6SYKB, B07M9D3WYW, B07DFNPVSF, B07THLR7RR, B087ZQK2G8, B086M8MZGB, B07FP2C8N8, B08CL46XNM, B08575Y9V3, B086XH7BWW, B08C37KWRR, B08DXZ5VXB, B08DXLRTSB, B08YJV9YL2, B08C71WBLC, B07VDCD17L, B07MZT83KK, B07NPCT6L5, B08LYT4Q2X, B07YNDWRCB, B08HMLXW65, B08BS3WDPJ, B08GYJY8F2, B07PBWVV5K, B08MPK4JRB, B07W1WJZFG, B087ZQG11L, B08HRNPNR5, B08KWN77LW, B08L4HTQ3R, B084WP4XS8, B07FPS2VFK, B08LPJT4MT, B08RQZ3F3L",B08SJKR877,B07L9H27SH
AHPGHDFIU3BUB3RQBP56RQQA7W4Q,16,1,1,"B08FD2KP9R, B085QDWHQJ, B08DHZW3LK, B08C2T24WG, B08CVCLVS2, B08HGZXLP6, B088TXBCB5, B08HRHCZV2, B08N9RT9YD, B08MT8L5ZL, B08P15TB2V, B08GKVYS1Y, B07YV9J2YZ, B08P4YQ3K5, B08R3F946X, B08RYN11N9",B09671G4KH,B09G22586Y
AF5IQSGLYMWLW4KH2V7VTUZLHUOA,8,1,1,"B07VG2W8TT, B082DXHTX8, B07WNBZQGT, B0855L611L, B08YJV9YL2, B07MZT83KK, B08L3W279N, B08RQZ3F3L",B08NJ5BTWG,B08QKXY1KN
AFRMOOG7VG4WSGTOQCQMGLIGC5LA_1,3,1,1,"B08343FS9P, B08KJF6Y6C, B08HGZXLP6",B07YV9J2YZ,B08YNR839W
AFVV7CLXY43P3Z3F7SROBZATZVSQ,6,1,1,"B07Z3NRMBS, B07SW7D6ZR, B082VKPJV5, B0844X21MJ, B086VYKNDF, B08879N2W3",B082VYX7G8,B08C72C56Z
AGPGFFJDCKXPNBWCC5YP2ZUDPNGA,6,1,1,"B08DXCVRNY, B08F4ZDVZQ, B085TFXLH1, B08K8P7LN6, B083B67373, B08NC4378M",B084WP4XS8,B09HMXY36F
AH4PCTM7BHVUX6WCGJB5PNS6K3JQ,3,1,1,"B08BZ1RHPS, B08DXZ5VXB, B0851QJPZY",B08P4YQ3K5,B07RBSLNFR
AEOJWMWHWXTDHZ2X6TLFNHCOEH4Q,6,1,1,"B08W4WQMNM, B0895FHBVG, B08F79Z1Q5, B08HGZXLP6, B08JZD8HN4, B08CC6YRLJ",B08MT8L5ZL,B09571TNVG
AGAM2CCKV52HI4YZU7ASZTSXA7YQ,13,1,1,"B089RLLT5C, B087Z9X39L, B07ZS3DKL5, B08CL46XNM, B08BB3P4VQ, B0851QJPZY, B08CH5PC9W, B08LYT4Q2X, B07YS9W97B, B08L4HTQ3R, B08JTNQFZY, B08XJWLLKQ, B08SG2MBRY",B0932Z1NM1,B08HVRP54L
AELZIKZNMROP2SMO5XXVB4V36RJA,3,1,1,"B08BRS98SF, B0BC273JJR, B086W18W1W",B085SY4WC3,B07PBWVV5K
AH3BXW7KLIS2VAE56UXJS2NS7I5A,26,1,1,"B0BG6WX4DH, B07HN1L8NQ, B07HR754WV, B082DXHTX8, B0844X21MJ, B015A5DGG4, B0914JBBTV, B07ND4HPHT, B09L33VJCL, B07KG1TWP5, B0BTJ6SYKB, B085NYYLQ8, B086W18W1W, B083BGJ4P9, B08KGVBW41, B08YJV9YL2, B0845LNDJK, B086TS3BKQ, B0B2L218H2, B07YNDWRCB, B08L6GXY2S, B08HQSK576, B0895XPZNT, B08P5579KC, B08RYN11N9, B092M5K59T",B09571TNVG,B07PBWVV5K
AGRO3UTLKTF724ZW64QXGWXJ4SYA,7,1,1,"B0855L611L, B08BY91SGT, B08C71WBLC, B086N136NH, B086TS3BKQ, B08LYT4Q2X, B07W1WJZFG",B08T7GPT1D,B09TTC9Q9W
AHC6X7NTYM3C36TZF7C3K3Q7HDEA,6,1,1,"B088ZVSLYP, B00O2FGBJS, B08N6CLJ6P, B08KY7VYDS, B08SJKR877, B08P15TB2V",B0895FHBVG,B09BKK8G76
AHLQVJPH73V2UVWJCRLAXXFKOGLQ,5,1,1,"B07ZJX5MNJ, B086VRRD99, B08693T3XR, B08JPKXJMV, B08S2LYN64",B07L9H27SH,B09LWV3HH2
AEQKG4FNUB67X4JUBJRWT3ISVKDQ,6,1,1,"B088NVJSJT, B086VK22QT, B087GB8ZRF, B088X2WPTX, B087FTZSZH, B089KBMST6",B085ZRVDKP,B089QR2Y5B
AEHZBUFEOW4TY3K4IYFFR5ZU5B3Q,9,1,1,"B07KXM94BT, B015A5DGG4, B07PCSRSND, B087GD4BJ1, B086VK22QT, B0842BXM5M, B08BLKFGND, B087J3H22J, B08DK74M1P",B08BLX72TP,B08HQSK576
AFPMVI6ZRR7KS7AWRIBCKILWDVIA,6,1,1,"B07PCSRSND, B08YJV9YL2, B086N136NH, B083B67373, B08LPJT4MT, B01M24DUXH",B01MA3LXIL,B0BVQQ58G8
AH7LDXK3GT67FZKMRW7MP477DJVQ,8,1,1,"B00TK0VV68, B08C24Q6LB, B07VG2W8TT, B086M8MZGB, B08343FS9P, B083J1Y349, B08PLFZB89, B08K2V6WGH",B095C1WF44,B09G22586Y
AG4TRGDHYIBT4CH63VJYM5IOAMTQ,6,1,1,"B082NKQ4ZT, B0914JBBTV, B01EK2F1PC, B087GD4BJ1, B00O2FGBJS, B08HMLXW65",B07SY7WPS4,B09HMXY36F
AFEYLO2BKJA2CAG6QGE55RGC7PDA,4,1,1,"B086YBQ8M7, B089NJG212, B0977LVHF8, B09HMXY36F",B09JLSCTR3,B099959RFF
AEPUSQBCPOBYEQDRQD5RI6Q67ERQ,5,1,1,"B0842BXM5M, B088LWRYJC, B089KBMST6, B07YL4485K, B07M9D3WYW",B086GST51S,B07FP2C8N8
AFTJ7XQN2EIELHARUBBL6Y7L65DA,4,1,1,"B0885W8GCL, B084ZHP45Y, B0855L611L, B08693T3XR",B083J1Y349,B08F79Z1Q5
AFFGJTTHRCSKGMMCNHT7UWTMKKCQ,5,1,1,"B086ST4W1C, B087GB8ZRF, B089KBMST6, B088LPYXNQ, B085SY4WC3",B08LZ6W8RF,B08G4Y4SFV
AEHLKY7Q5O3D3E6YEV67JIBVFNFA,4,1,1,"B07T3Z58HL, B08575Y9V3, B07YS9W97B, B08HRNPNR5",B01N7A5AGF,B08P2DZB4X
AGLQET6T4ZX4C4UXTNEMYHIWLFHA,3,1,1,"B07J3GH1W1, B07HN1L8NQ, B08KY7VYDS",B08693T3XR,B09HMXY36F
AF4TV3NNARN2N7YV6Z44S2YN237A,3,1,1,"B088YHN4JT, B087J3H22J, B08B5FJMHM",B089CSF11Y,B09GNXK3N1
AGV5NQ4JDQD6NHXVF6AVZPVDX66Q,9,1,1,"B07HR754WV, B081632HX6, B084ZHP45Y, B086VYKNDF, B08879N2W3, B088LWRYJC, B07FP2C8N8, B08F79Z1Q5, B096YHL82K",B08TB3DZ1D,B0B4MR9BXN
AF2LFSDT2SHRD2WEEC3O2ZWIWYEQ,5,1,1,"B07T3Z58HL, B07W397QG4, B07JGD2T2J, B0855L611L, B01EK2F1PC",B0842BXM5M,B07M9D3WYW
AGCV6N4LVTEQVYSE3LXR3J2QB3EA,6,1,1,"B081MQD52C, B07NPCT6L5, B08CH5PC9W, B07YS9W97B, B07PCGSFGQ, B08L4HTQ3R",B01MA3LXIL,B08MC3ZLV4
AGSVNZDZNPCMXG5DEFXMZNRH2LCQ,7,1,1,"B08BS3WDPJ, B07D5FBFQ4, B08DK74M1P, B08GYJY8F2, B08CH5PC9W, B08LPJT4MT, B08LPGZMQK",B08XZDXTG2,B099959RFF
AEZUL3R34WWAORYARPTJG2X6KC5Q_1,3,1,1,"B08P5579KC, B08T7GPT1D, B09671G4KH",B0932Z1NM1,B08WCQWP3T
AGADKXWLAJJ4FGWIDIWAPJL5A6HA,3,1,1,"B08BY9P4HR, B08GJJ5RV9, B01MSF13T1",B09473GGM4,B095C1WF44
AH2LTMRG3MQNGRZYPPCOJF4KPS3A,3,1,1,"B0837K9W6P, B087GD4BJ1, B086JN17SK",B083B67373,B09BJM95J7
AH6JLX5SJSUOJBBT6RRE2RDXIG6A,3,1,1,"B08BB3P4VQ, B08HQSK576, B07PBWVV5K",B0863FZFPV,B0BVQQ58G8
AES3YWD3ONJOUDRWFIV2ZO44QDAQ,9,1,1,"B087G54FLM, B08BYK8SKR, B08HRHCZV2, B08LYT4Q2X, B08HGZXLP6, B08N6CLJ6P, B083B67373, B07SLFWZKN, B08XZDXTG2",B084WP4XS8,B09G3KBK7Y
AGPCJNECQMG7LPLITZVHXP3F2HUA,3,1,1,"B087F14JSH, B089ZQ8Y95, B0876VC4KM",B085SY4WC3,B085TFXLH1
AEXGISIVX7WBUNI7UHHERVB3DF7Q,5,1,1,"B00TK0VV68, B07NPWK167, B087D7MVHB, B0BTJ6SYKB, B089R7S73D",B01MA3LXIL,B09G3KBK7Y
AHA6NYC6QHOU7G37PNF5EBIOUBWQ,3,1,1,"B081ZN3TD5, B015A5DGG4, B0855L611L",B00O2FGBJS,B08VDCWKHV
AF5A5PMCP3EPIOVGZSAJWNICC6UQ,3,1,1,"B08G149DSD, B0876VC4KM, B085SY4WC3",B08CVTNQP1,B07SLFWZKN
AH5PGJYVXBFVRXAFSTA7AEH4EXRQ,4,1,1,"B086VK22QT, B0BC273JJR, B088TYPM71, B08LPGZMQK",B09JLSCTR3,B099959RFF
AEK3IYABOEGTXOTX7P6SBQJUP57A,3,1,1,"B0845LNDJK, B08DK74M1P, B07YS9W97B",B086TS3BKQ,B08KY7VYDS
AHLZVZPQ5TWJ6KXNLADJBDZAT7EA,4,1,1,"B08BYKQS9S, B0888CX245, B08JPKXJMV, B08CH5PC9W",B08Q3F3L7S,B095CG2ZV1
AFZDKJMOCGD5KJ2TXWOZB5OAJO5A,4,1,1,"B08BFH35VX, B087ZQK2G8, B07Z548TKH, B08DNCR582",B0851T7HDS,B0941YDPSW
AGQIUTI7M4XUGCRV6E66FAOCX5PQ,16,1,1,"B087GD4BJ1, B081M5R5L5, B01EK2F1PC, B085NYYLQ8, B086GST51S, B086JN17SK, B089R7S73D, B08H4SYXR4, B08G149DSD, B07THLR7RR, B08CL46XNM, B08F7877DC, B07FPS2VFK, B08T7GPT1D, B08WCQWP3T, B09FNTZFZZ",B07JGD2T2J,B08DK5D9J5
AHT556AWAYQIXS3RB57QNRQLBARQ,5,1,1,"B083122WRC, B087FTZSZH, B08C72C56Z, B07Z548TKH, B08B3TCMSQ",B08QFGV5ZQ,B08R3F946X
AHOYQ263ZGBZIBPQGKNVAWG35DNQ,3,1,1,"B084WP4XS8, B086N2SY91, B08MC3ZLV4",B0977LVHF8,B009GPP546
AHF2R43HMV6S2J42LN6NLQTRBLJA,5,1,1,"B087FTZSZH, B085J24382, B085J354CL, B08L6GXY2S, B07SY7WPS4",B08F4ZDVZQ,B08PVH18Z6
AGZSDSHEGWQOJZAJRXGXXV4FULIA,3,1,1,"B087G54FLM, B081D2R47W, B07YL4485K",B08BLKFGND,B0841WQNNZ
AGROTY3KEQXC7OWGNLDMPTDPJXHA,4,1,1,"B08B5FJMHM, B08DHZW3LK, B085TFXLH1, B08J7R5HHX",B08W4WQMNM,B0998BD871
AGLLAOO4MTOC5RG6EIUCOSK4XXXA,8,1,1,"B00TK0VV68, B0885W8GCL, B088LWRYJC, B087Z9X39L, B08FBHNBP1, B08BF4BKKM, B08GJJ5RV9, B086TS3BKQ",B08LYT4Q2X,B08HVRP54L
AGTGHYRTZXKX4AIL42A3FKWR7SOQ,7,1,1,"B086VRRD99, B0851T7HDS, B086N136NH, B08N6YHQXT, B08CZ5JZMZ, B08NC4378M, B08PLFZB89",B08VJ7CZW3,B095C1WF44
AG5A4BNLSYHH2IEFJD3UM3N2IPMA,7,1,1,"B07YG4PRTN, B07MN1KJ15, B0BC273JJR, B07YL4485K, B089CSR3KF, B08BXVJMRY, B086GST51S",B07D5FBFQ4,B0B2L218H2
AHGQDSOBAIVAAKJFIVEGS344MSXA,21,1,1,"B088PYN4VM, B08BB3P4VQ, B08G83G24X, B08LYT4Q2X, B08HRHCZV2, B08CVCLVS2, B088TXBCB5, B08JZD8HN4, B08MT8L5ZL, B08P15TB2V, B08QHP717Z, B08KHRF9NY, B08CZ5JZMZ, B0895FHBVG, B07FPS2VFK, B01M24DUXH, B08XJWLLKQ, B08QKXY1KN, B08MC3ZLV4, B096S4RQNH, B095C1WF44",B08TB3DZ1D,B09KX5N1DR
AECOPBDL3PHOESNB2RXKPZSXGBOA,3,1,1,"B0BC273JJR, B089CSF11Y, B089YGZZYP",B08CVCLVS2,B0BTJ6SYKB
AHT6AM6BNIZUHFJB5V2M6XM72G7Q,15,1,1,"B07TLMZL3T, B082VKPJV5, B087Z9X39L, B08FD2KP9R, B086M8MZGB, B08BF4BKKM, B089D16BWJ, B086N136NH, B08KWN77LW, B01N7A5AGF, B09GNXK3N1, B08VKQY815, B08SQ31H8P, B08MC3ZLV4, B096YHL82K",B09KYJJ3D5,B009GPP546
AG3HKK7MIKRQ7DOTNDOE63X2WJGQ,8,1,1,"B07VGBBNTH, B07Z3NRMBS, B07NPWK167, B082VKPJV5, B081M5R5L5, B087Z9X39L, B08MRRNL18, B08DK4NDM3",B091GG4N2X,B08RY6S25W
AEQJM4TTCTH6MTHXAUQHIZ4JZZHA,8,1,1,"B088YHN4JT, B088GWCVVJ, B08DXCVRNY, B08DK5D9J5, B089D16BWJ, B07VDCD17L, B08MPK4JRB, B08L3W279N",B08HRNPNR5,B08JCX3DL7
AGZYMSCZZ5SPWHX5AVWTP64TY7AA,5,1,1,"B08HRHCZV2, B07HVRP37G, B09GVHT2D3, B0912BNP4J, B092M5K59T",B09G22586Y,B08N5NDVGH
AGNUU44ETNXLBOUB53LJGFJP3SQA,7,1,1,"B08879N2W3, B085RQKWNF, B08B3SJNL5, B07DFNPVSF, B088ZVSLYP, B081MQD52C, B08P5579KC",B096S4RQNH,B005AL5H9S
AHPG65LKS3QKRWDUWAKZNLEK5RZQ,21,1,1,"B08DNCR582, B087J3H22J, B08DK5D9J5, B08GMC48QF, B089D16BWJ, B08PVH18Z6, B08QVJ4NVD, B08NTD1NM1, B07YV9J2YZ, B07T4LKC4D, B07PBWVV5K, B0895XPZNT, B086N2SY91, B086Q2J3F2, B08MT8L5ZL, B0977LVHF8, B0994HWXVV, B08K2V6WGH, B095C1WF44, B08HDG9F44, B084WP4XS8",B09C5NQSC5,B08N5NDVGH
AGWXHH2DQWVMVZA3GHAFJQ7ROGQA,5,1,1,"B08HCMNLKD, B08G149DSD, B08GJJ5RV9, B08L6GXY2S, B08HQSK576",B07SY7WPS4,B08P15TB2V
AHEJQ4CPSHAQNTHL4BCVCAPZ7YWA,8,1,1,"B087G54FLM, B085RQKWNF, B087F14JSH, B08BYKQS9S, B08D6PPL42, B088PYN4VM, B08DKFV9SR, B0845LNDJK",B08DNCR582,B08LZ6W8RF
AEBWGXGGL3Q5DSTMUQSTVUJDWSMA,4,1,1,"B07SW7D6ZR, B0BTJ6SYKB, B0B2L218H2, B08GMC48QF",B08NC4378M,B095C1WF44
AFKX24ALWAPX366KX6DWTOBWLQAA,11,1,1,"B088FBNQXW, B07M9D3WYW, B07ZQRX7FX, B088LWRYJC, B07MMW5654, B086SSHLWT, B07ZS3DKL5, B07MN1KJ15, B08YJV9YL2, B08CH5PC9W, B08QKXY1KN",B095CG2ZV1,B09G3KBK7Y
AEGKJTQWHGBIOTO34OB3GKIGCN7A,7,1,1,"B076DBLG1K, B088YHN4JT, B00O2FGBJS, B089CSF11Y, B08G83G24X, B08343FS9P, B08HGZXLP6",B08HDG9F44,B095CG2ZV1
AECTRGMRKOGAYIV3YXX73CQEQCSQ,4,1,1,"B07KXM94BT, B08BY91SGT, B08HMLXW65, B08NPBQR9L",B08SQ31H8P,B005AL5H9S
AFB7QGOJXRTRRZ3SDOSIRCR66UQQ,4,1,1,"B085MCMZLX, B08BFH35VX, B089CSR3KF, B089CSF11Y",B07ZQRX7FX,B08YJV9YL2
AEAT2QOOIXWFLBQESCVLAVXLK3RQ,6,1,1,"B08KGVBW41, B07T4LKC4D, B08XQYZWCS, B08NC4378M, B0BTJ6SYKB, B08P5579KC",B08RYN11N9,B08SBV6Z57
AEXO6YBJHQZFPLVRQJI6VX7IJDNA,7,1,1,"B07ND4HPHT, B08879N2W3, B08FBHNBP1, B07D5FBFQ4, B08KT7FCYY, B01MSF13T1, B08KHRF9NY",B09HMXY36F,B09SH1FD9S
AEZG2W4TRMMNFFAWS2BPQE676K4Q,3,1,1,"B08G5YVHQP, B086TS3BKQ, B08LZ6W8RF",B08VQY1Z1S,B08P2DZB4X
AFSYEOBTC3ULN3DGKABPFR6FIWQQ,4,1,1,"B088M5P8FN, B087G54FLM, B08DHZW3LK, B07SY7WPS4",B08NPBQR9L,B08Q3F3L7S
AGLIUT3VWAE7UEZHWVHNLDTBOAEQ,13,1,1,"B081632HX6, B07WNBZQGT, B07PHWX88W, B07M9D3WYW, B07ZQRX7FX, B07MN1KJ15, B07MMW5654, B08BZ1RHPS, B07DFNPVSF, B087J3H22J, B08BS3WDPJ, B08GYJY8F2, B07PCGSFGQ",B07W1WJZFG,B08RRSPNWV
AECQQBG6YRYCOJL2NCB2H3V6LD6Q,6,1,1,"B07T3Z58HL, B07ZS3DKL5, B08GJJ5RV9, B07YNDWRCB, B08PVH18Z6, B08VKQY815",B0949MJRHK,B009GPP546
AHSP5IKX6USXFMSHWDQMXSKAEJ3Q,4,1,1,"B07ZS3DKL5, B07MMW5654, B07MN1KJ15, B08YJV9YL2",B089CSR3KF,B08HRHCZV2
AGBG3KK74IKWJNQVMQAGVBWJ7FAQ,7,1,1,"B07R3BMYBG, B0837K9W6P, B07XVNJFNF, B0813ZQG3T, B0885W8GCL, B0842BXM5M, B088FBNQXW",B08KY7VYDS,B09JLSCTR3
AEIW7GMVHQ4HBUXTTYEMHEMADUMQ,3,1,1,"B07J3GH1W1, B08FD2KP9R, B096S4RQNH",B009GPP546,B08HVRP54L
AFHB5H6XQKOFLV7JRZUBA6IHJC6A,5,1,1,"B0BC273JJR, B088X2WPTX, B07DFNPVSF, B07THLR7RR, B08C72C56Z",B08HXQ3T9K,B08FBHNBP1
AGJWAZESYDYURVDSAMHKVAM2IBWQ,3,1,1,"B087GD4BJ1, B089RLLT5C, B0888CX245",B08BF4BKKM,B08NPBQR9L
AEC6IZVI2NGFBCIYVD4X5MDGB6DQ_2,4,1,1,"B089R7S73D, B08C72C56Z, B08C2T24WG, B08KT7FCYY",B08RY6S25W,B08T7GPT1D
AHY2TURQPNIDXZGH2CMQLZ343YMQ,32,1,1,"B088ZVSLYP, B08BFH35VX, B08BY9P4HR, B089R7S73D, B08B5FJMHM, B087ZQK2G8, B088PYN4VM, B086MN4SRX, B086XH7BWW, B087J3H22J, B0845LNDJK, B08DK4NDM3, B08B3TCMSQ, B088LPYXNQ, B08DK5D9J5, B08F4ZDVZQ, B085TFXLH1, B08CVCLVS2, B08G4Y4SFV, B087ZQG11L, B08RQZ3F3L, B08JTNQFZY, B0B8SFDJN9, B08KHRF9NY, B08LPJT4MT, B086N2SY91, B0941YDPSW, B091GG4N2X, B095CG2ZV1, B09BJM95J7, B08K2WH8LK, B09GVHT2D3",B09SH1FD9S,B0B4MR9BXN
AFEFRMJ5OQHPKVHB3YSZXIS7V4CQ,3,1,1,"B09L33VJCL, B088YHN4JT, B089CSF11Y",B089CSR3KF,B088PYN4VM
AGC7QCUXJISMEA6RKUGWBKYFA3EA,5,1,1,"B0914JBBTV, B07FP2C8N8, B08YJV9YL2, B08DK4NDM3, B08GS1G9BH",B086TS3BKQ,B08KHRF9NY
AHBDPVXHGNIRMIGLCRCABCOLFJTA,3,1,1,"B07T3Z58HL, B08B5FJMHM, B08FD2KP9R",B07NPCT6L5,B08C71WBLC
AH5BEMAKZE5RJ3JSHUYOJ7S2WKBA,6,1,1,"B086SSHLWT, B08343FS9P, B08GS1G9BH, B08HZ5Y8RY, B08G4Y4SFV, B08CC6YRLJ",B08GKVYS1Y,B09JLSCTR3
AESCUI6VXJSHLUIO44Y5ERAHZE4A,7,1,1,"B081ZN3TD5, B0713VF172, B082NKQ4ZT, B087GD4BJ1, B086VYKNDF, B08879N2W3, B088YHN4JT",B089CSF11Y,B0876VC4KM
AHBEKWBIK2I7EPZH4L2Z2G4IZWNA,3,1,1,"B015A5DGG4, B0914JBBTV, B086VRRD99",B07DFNPVSF,B0949MJRHK
AGV2YW5B3SCKG6WV422CIITZOGRQ,9,1,1,"B082NKQ4ZT, B0813ZQG3T, B082DXHTX8, B086JN17SK, B01EK2F1PC, B088LWRYJC, B0851C4YPC, B0BTJ6SYKB, B08BY91SGT",B086W18W1W,B09KX5N1DR
AF2BLE54TEMGZ546U763ZHZRXC4A,27,1,1,"B07LCHCD6Q, B07R3BMYBG, B0855L611L, B0859CYSTM, B086SSHLWT, B088GWCVVJ, B083BGJ4P9, B08C37KWRR, B08BB3P4VQ, B07VDCD17L, B08GJJ5RV9, B08KGVBW41, B07MZT83KK, B07PCGSFGQ, B086TS3BKQ, B07NPCT6L5, B07YNDWRCB, B08L3J4FB9, B08JCX3DL7, B07YS9W97B, B01N7A5AGF, B08MRRNL18, B08NJ5BTWG, B07RBSLNFR, B08QVJ4NVD, B084WP4XS8, B08DK4NDM3",B09GNXK3N1,B08K2WH8LK
AGOLMT3QETKYNESRYKBA6D7XXS7A,21,1,1,"B086ST4W1C, B088FBNQXW, B087Z9X39L, B086GST51S, B086SSHLWT, B08F7877DC, B08GC5GSNG, B0842BXM5M, B08L6GXY2S, B086MN4SRX, B08J7R5HHX, B08G4Y4SFV, B08HZ5Y8RY, B08CVTNQP1, B08L3J4FB9, B07SY7WPS4, B08NC4378M, B08MRRNL18, B086N2SY91, B09BJM95J7, B08TB3DZ1D",B09NFQ69KT,B0BVQQ58G8
AFBUKVT3KQFLL4X536HS4KKBBJ7Q,4,1,1,"B08B5FJMHM, B08FBHNBP1, B08LZ6W8RF, B08N6CLJ6P",B07HVRP37G,B08K2V6WGH
AEXYLV5YOYWSLGG47VVECVURA7XQ,5,1,1,"B084ZHP45Y, B07VQR3W3Z, B07KG1TWP5, B08LPGZMQK, B084WP4XS8",B096YHL82K,B083PXJBVY
AFVOZ4UNUZKEQ7GTQ3IHQY7PZ5FA_1,12,1,1,"B07WNBZQGT, B07SV4HTMC, B08BB3P4VQ, B089ZQ8Y95, B0851QJPZY, B07NPCT6L5, B07D5FBFQ4, B08L3W279N, B08N6CLJ6P, B08SQZ1B3W, B08NJ5BTWG, B07RBSLNFR",B0932Z1NM1,B08N5NDVGH
AELRWE7QQJRKDFHDQHVAODTF5FRA,5,1,1,"B07ZJX5MNJ, B08C72C56Z, B08B3TCMSQ, B085SY4WC3, B08CC6YRLJ",B08R3F946X,B085RS26YH
AGN5KJZU3FYSKVWXWM66LXYWL5CQ,14,1,1,"B0713VF172, B0855L611L, B087GD4BJ1, B08C24Q6LB, B07DKRK8ZW, B0851C4YPC, B07MMW5654, B08F7877DC, B081D2R47W, B08B5FJMHM, B087PJ121M, B0859CYSTM, B07YL4485K, B095CG2ZV1",B09473GGM4,B091GG4N2X
AFLI33M7ADMQ2B3DSIJLODWUHTAA,11,1,1,"B086VK22QT, B086GST51S, B089QR2Y5B, B087FTZSZH, B081D2R47W, B0876VC4KM, B08DK4NDM3, B088TXBCB5, B08NPBQR9L, B08CC6YRLJ, B08K8P7LN6",B08K2WH8LK,B08K2V6WGH
AECADZLPUNH3BDNACLFF7PSHN5MQ,10,1,1,"B085NYYLQ8, B085MCMZLX, B088PYN4VM, B08BS3WDPJ, B086XH7BWW, B08GYJY8F2, B08H4SYXR4, B08JPKXJMV, B08CVCLVS2, B08QFGV5ZQ",B08S2LYN64,B0863FZFPV
AG3GU5MHHM662AATYNDWYOKOZP7A,4,1,1,"B07KXM94BT, B07XVNJFNF, B0813ZQG3T, B086VYKNDF",B086M8MZGB,B0932Z1NM1
AGPTRM72WHO5EUPQUWS47FFGAALA,3,1,1,"B07P4LLZS6, B08B3TCMSQ, B08SQZ1B3W",B08VKQY815,B08WF29DM9
AERGQ6U7YCR6JZ54FFKYPUM7PFDQ,10,1,1,"B00TK0VV68, B07J1LYVHC, B07SV4HTMC, B0851C4YPC, B07P4LLZS6, B08575Y9V3, B08BS3WDPJ, B088GWCVVJ, B07VDCD17L, B08HRNPNR5",B08SQZ1B3W,B01MSF13T1
AFV2E7NCZRG62FXOLQO2SHSN5H3A,3,1,1,"B089QR2Y5B, B07YG4PRTN, B081D2R47W",B089YGZZYP,B08B5FJMHM
AEMP3A7IKW37CMWFXNKXWW6HGJHA_1,32,1,1,"B087G54FLM, B08C24Q6LB, B085MCMZLX, B088M5P8FN, B0888CX245, B088TYPM71, B088LPYXNQ, B08BZ1RHPS, B0851T7HDS, B08DXCVRNY, B08DK5D9J5, B08F4ZDVZQ, B07MZT83KK, B08MPK4JRB, B08L6GXY2S, B085SY4WC3, B08JCX3DL7, B08L3W279N, B08LZ6W8RF, B088TXBCB5, B08P7PSMRR, B01N7A5AGF, B07FPS2VFK, B08R3F946X, B093H28PD4, B0994HWXVV, B0977LVHF8, B0998BD871, B08K2V6WGH, B08K2WH8LK, B095C1WF44, B09LWV3HH2",B09SH1FD9S,B0B4MR9BXN
AHXL6HSB4XCGSXWTGDHXNFDAMDDA,3,1,1,"B0BC273JJR, B08FD2KP9R, B088TXBCB5",B08MT8L5ZL,B07L9H27SH
AHCA3FF2KQI7SRT32XBZCNHFEHOQ,6,1,1,"B087F14JSH, B089QR2Y5B, B07THLR7RR, B08BYKQS9S, B08BB3P4VQ, B08SQ31H8P",B08Q3F3L7S,B08VDCWKHV
AE3QBGRRHKT3GFDPRXFEN7JICEZQ,6,1,1,"B086SSHLWT, B086ST4W1C, B085SY4WC3, B08HZ5Y8RY, B08NPBQR9L, B08L6GXY2S",B08K8P7LN6,B08QKXY1KN
AF4UB2PGVLHK45WF7I6OED36OQDA,3,1,1,"B09571TNVG, B08WCQWP3T, B09LWV3HH2",B0B8SFDJN9,B08N5NDVGH
AEZY3WQ5CO4DOXRNJOWWXJYKCAXQ,4,1,1,"B07X8W7GJZ, B08FBHNBP1, B086YBQ8M7, B09671G4KH",B09571TNVG,B092M5K59T
AEYVPPWR4CIKWX4BGYKCBCDL2CZQ,16,1,1,"B07HN1L8NQ, B07R3BMYBG, B081632HX6, B07VG2W8TT, B07SW7D6ZR, B07Z3NRMBS, B07XVNJFNF, B08BY9P4HR, B08D6PPL42, B086MN4SRX, B087ZQG11L, B07W1WJZFG, B08GMC48QF, B08JTNQFZY, B08XQYZWCS, B08QHP717Z",B01M24DUXH,B08QKXY1KN
AGFLDIUYV2PKF5Q7IEMULR52GW2Q,22,1,1,"B087GB8ZRF, B088LWRYJC, B08C24Q6LB, B07THLR7RR, B087FTZSZH, B089KBMST6, B08F7877DC, B088TGQFNM, B081D2R47W, B08GC5GSNG, B08BYKQS9S, B08D6PPL42, B08B5FJMHM, B08MPK4JRB, B088LPYXNQ, B08DK5D9J5, B0841WQNNZ, B08LZ6W8RF, B08CVCLVS2, B085J24382, B085J354CL, B086XH7BWW",B08HZ5Y8RY,B085TFXLH1
AFWVN52MRBWOTIK7UGXBWGOY4HBA,8,1,1,"B07LCHCD6Q, B086VYKNDF, B07W397QG4, B08879N2W3, B07MN1KJ15, B07KG1TWP5, B08BRS98SF, B08YJV9YL2",B086N136NH,B08SBV6Z57
AGZZXSMMS4WRHHJRBUJZI4FZDHKQ,5,1,1,"B081M5R5L5, B07XVNJFNF, B082MDFNZM, B07VQR3W3Z, B07Z548TKH",B08JZD8HN4,B08CVTNQP1
AEGTJSI4X2EZHAL5VWJV3RCJIO4A,5,1,1,"B0888CX245, B081D2R47W, B085J354CL, B085J24382, B08DRBZNZJ",B08KY7VYDS,B08SJKR877
AEUAQ6BAUEBP2C754LR3ILYHP54Q,7,1,1,"B081ZN3TD5, B09L33VJCL, B0842BXM5M, B0851C4YPC, B083122WRC, B085ZRVDKP, B08LG68MGH",B08XJWLLKQ,B07SLFWZKN
AEWHLGO6FWZ4ZO7N6TX7I2FYO6EA,6,1,1,"B0876VC4KM, B08GS1G9BH, B08CVCLVS2, B08HGZXLP6, B08SJKR877, B08QKXY1KN",B091GG4N2X,B096YHL82K
AESIZ3ATHVPMZM5NI6ZJOZBH547A,12,1,1,"B07ND4HPHT, B0885W8GCL, B0859CYSTM, B087GB8ZRF, B08BY91SGT, B08BLKFGND, B0B2L218H2, B08F4ZDVZQ, B087PJ121M, B08G4Y4SFV, B08JCX3DL7, B08GKVYS1Y",B08SQZ1B3W,B08WF29DM9
AFGCJIO7DNVCCZPG4KVMKKXVPJLQ,9,1,1,"B08BLKFGND, B089ZQ8Y95, B08KGVBW41, B08G149DSD, B08DK74M1P, B08KT7FCYY, B08PTZL95G, B08QHP717Z, B086N2SY91",B09GVHT2D3,B09NFQ69KT
